age,browsing_history,cart_value,category_viewed,visit_duration,purchase
56,17,56,Electronics,11,0
46,27,149,Home,34,1
32,25,255,Sports,7,1
60,25,158,Beauty,34,1
25,28,255,Home,20,1
38,2,404,Beauty,38,1
56,3,496,Home,24,1
36,5,485,Books,10,0
40,5,14,Sports,32,0
28,1,474,Fashion,15,0
28,8,193,Beauty,37,1
41,12,29,Fashion,20,0
53,24,434,Sports,3,1
57,4,55,Fashion,37,0
41,13,21,Sports,8,0
20,23,79,Fashion,23,1
39,15,26,Beauty,11,0
19,11,380,Books,8,0
41,10,156,Fashion,29,1
61,3,163,Beauty,30,1
47,22,313,Home,10,1
55,14,117,Sports,39,0
19,16,245,Electronics,28,1
38,10,317,Electronics,36,1
50,29,361,Sports,13,1
29,10,79,Books,32,0
39,12,192,Fashion,36,1
61,9,259,Books,37,1
42,1,237,Electronics,26,1
44,5,111,Beauty,22,0
59,20,84,Sports,4,0
45,8,426,Sports,31,1
33,11,455,Books,18,1
32,12,225,Beauty,38,1
64,1,416,Books,24,1
61,25,408,Fashion,23,1
20,22,420,Home,22,1
54,20,212,Beauty,2,1
24,28,201,Home,31,1
38,25,258,Fashion,11,1
26,11,251,Home,28,1
56,5,474,Electronics,32,1
35,15,188,Home,5,0
21,5,446,Fashion,38,1
42,12,471,Home,10,0
31,5,228,Sports,24,1
26,17,91,Books,35,1
43,17,101,Electronics,23,1
19,24,444,Sports,17,1
37,12,184,Sports,1,0
45,24,248,Fashion,31,1
64,28,269,Books,31,1
24,15,400,Books,34,1
61,15,374,Beauty,9,0
25,6,172,Electronics,22,1
64,12,57,Fashion,13,0
52,27,338,Electronics,25,1
31,29,337,Beauty,18,1
34,20,125,Home,12,0
53,18,438,Sports,17,1
57,14,346,Electronics,15,0
21,2,346,Sports,15,0
19,9,378,Fashion,15,0
23,5,234,Home,39,1
59,20,361,Fashion,13,1
21,26,337,Home,17,1
46,29,156,Home,32,1
35,1,72,Sports,9,0
43,23,303,Fashion,20,1
61,3,332,Fashion,26,1
51,6,452,Electronics,27,1
27,5,334,Fashion,21,1
53,21,22,Electronics,18,1
31,27,440,Books,13,1
48,5,198,Books,16,1
32,1,296,Books,9,0
25,17,217,Beauty,12,1
31,19,123,Fashion,38,1
40,14,489,Beauty,19,1
57,12,31,Fashion,7,0
38,10,358,Electronics,35,1
33,20,223,Beauty,18,1
62,21,180,Beauty,16,1
35,18,332,Beauty,39,1
64,24,63,Home,4,0
41,27,403,Electronics,25,1
43,11,307,Books,32,1
42,2,329,Electronics,13,0
62,25,135,Home,17,1
58,18,286,Fashion,37,1
46,29,473,Electronics,6,1
32,25,213,Beauty,19,1
62,7,203,Books,13,0
18,24,178,Books,26,1
42,15,161,Fashion,14,0
24,11,44,Electronics,31,0
26,18,193,Home,4,1
41,23,295,Fashion,39,1
18,12,66,Electronics,8,0
61,6,231,Sports,25,1
25,20,312,Books,13,1
41,23,172,Home,32,1
28,13,28,Beauty,38,0
34,20,379,Home,38,1
25,16,273,Beauty,28,1
52,18,291,Home,30,1
52,10,122,Books,3,0
50,28,497,Beauty,28,1
22,23,336,Electronics,3,1
59,8,39,Beauty,34,0
56,18,144,Fashion,16,1
58,21,76,Electronics,22,1
45,1,74,Fashion,32,0
24,23,301,Home,38,1
26,8,34,Electronics,8,0
25,29,46,Home,8,0
29,6,10,Sports,6,0
51,5,408,Home,14,0
50,15,46,Home,32,0
40,22,150,Fashion,35,1
41,15,241,Beauty,10,0
54,2,145,Sports,3,0
52,1,398,Home,12,0
61,23,197,Home,31,1
57,23,137,Sports,29,1
39,26,210,Sports,5,1
44,11,136,Electronics,25,0
52,10,266,Fashion,31,1
18,18,173,Sports,21,1
52,18,44,Sports,20,1
54,17,203,Books,39,1
64,26,200,Beauty,22,1
31,8,113,Sports,4,0
20,15,32,Fashion,13,0
18,8,274,Beauty,20,1
22,17,299,Beauty,13,1
43,12,439,Home,17,1
31,27,471,Home,36,1
56,8,393,Home,33,1
44,25,269,Home,1,1
26,14,423,Books,15,0
32,4,488,Sports,13,0
32,1,367,Home,17,1
43,1,84,Electronics,24,0
59,19,364,Home,8,1
30,16,81,Sports,27,1
49,14,268,Home,23,1
56,21,407,Books,8,1
49,16,197,Fashion,8,1
21,5,470,Fashion,26,1
47,9,182,Sports,13,0
54,26,489,Fashion,39,1
40,28,299,Fashion,37,1
56,2,54,Electronics,28,0
62,18,70,Sports,25,1
32,6,92,Sports,16,0
60,9,132,Fashion,2,0
46,1,367,Fashion,18,1
53,9,25,Fashion,17,0
30,25,75,Beauty,30,1
49,16,433,Books,39,1
24,13,154,Home,13,0
39,9,384,Books,32,1
45,21,171,Sports,29,1
19,13,243,Electronics,30,1
59,9,389,Home,18,1
62,11,153,Electronics,13,0
23,4,367,Beauty,21,1
45,2,197,Sports,30,1
45,29,331,Beauty,21,1
61,6,459,Sports,17,1
61,14,483,Electronics,19,1
37,4,22,Electronics,15,0
47,6,193,Electronics,9,0
28,19,120,Sports,10,0
45,6,424,Fashion,31,1
42,2,299,Electronics,23,1
56,18,304,Beauty,30,1
50,13,460,Home,33,1
18,9,401,Sports,9,0
44,23,224,Beauty,1,1
30,19,471,Books,35,1
58,13,129,Books,11,0
20,11,391,Home,34,1
56,1,64,Fashion,16,0
23,24,36,Electronics,9,0
25,22,127,Sports,32,1
44,7,230,Beauty,15,0
26,25,240,Electronics,12,1
54,21,62,Beauty,33,1
50,15,304,Sports,14,0
59,1,330,Books,8,0
61,12,410,Electronics,8,0
41,26,242,Home,27,1
32,7,167,Fashion,12,0
49,15,446,Home,1,0
49,21,278,Fashion,11,1
41,19,30,Beauty,39,1
58,28,412,Electronics,31,1
29,29,62,Electronics,17,1
56,25,284,Fashion,33,1
19,1,322,Books,32,1
20,17,290,Sports,29,1
54,17,223,Home,21,1
34,3,40,Beauty,21,0
19,12,346,Home,23,1
19,6,192,Home,6,0
45,26,32,Beauty,22,1
40,11,41,Beauty,38,0
54,3,455,Electronics,37,1
49,8,83,Home,8,0
50,14,19,Sports,35,0
18,14,493,Sports,11,0
36,10,465,Fashion,24,1
19,2,63,Beauty,21,0
61,14,61,Electronics,2,0
43,9,157,Sports,19,1
49,3,169,Books,39,1
23,21,379,Electronics,28,1
49,26,23,Electronics,17,1
21,8,187,Sports,6,0
28,16,421,Books,19,1
34,2,375,Fashion,38,1
55,6,62,Sports,28,0
41,28,417,Books,2,1
22,21,344,Electronics,38,1
51,29,31,Books,37,1
23,26,39,Electronics,4,0
39,25,200,Sports,22,1
28,12,269,Beauty,26,1
33,5,214,Sports,36,1
50,2,68,Home,13,0
26,16,480,Home,32,1
23,5,273,Home,17,1
33,15,475,Sports,36,1
46,12,21,Fashion,19,0
20,4,128,Sports,35,0
37,15,424,Beauty,28,1
53,11,471,Books,1,0
36,16,299,Sports,18,1
43,23,347,Sports,33,1
20,6,257,Electronics,12,0
36,14,363,Electronics,8,0
37,18,136,Electronics,24,1
49,12,84,Sports,16,0
24,27,370,Fashion,4,1
58,11,213,Books,38,1
50,13,58,Books,27,0
57,21,88,Beauty,9,0
56,23,450,Fashion,16,1
35,11,488,Fashion,12,0
57,23,250,Books,31,1
18,16,358,Home,24,1
28,15,163,Electronics,14,0
45,21,283,Electronics,25,1
42,28,105,Books,34,1
40,15,223,Fashion,3,0
48,25,303,Beauty,24,1
47,4,218,Home,9,0
59,11,352,Books,26,1
52,19,97,Electronics,20,1
24,15,315,Sports,10,0
33,4,273,Fashion,19,1
43,21,434,Sports,3,1
19,13,399,Beauty,24,1
18,22,334,Books,5,1
29,19,437,Electronics,3,1
22,2,386,Home,27,1
54,14,329,Sports,16,1
49,29,166,Home,15,1
26,4,165,Beauty,35,1
58,16,148,Electronics,12,0
52,21,130,Sports,26,1
36,20,74,Beauty,34,1
33,14,116,Home,23,0
20,27,156,Home,31,1
37,29,146,Sports,20,1
41,15,420,Electronics,12,0
50,28,171,Home,23,1
41,3,437,Books,4,0
28,8,461,Beauty,23,1
25,16,109,Sports,1,0
53,10,347,Fashion,25,1
55,4,408,Fashion,2,0
57,18,316,Electronics,30,1
37,2,150,Books,3,0
52,17,92,Home,21,1
42,13,186,Fashion,25,1
52,4,207,Electronics,20,1
42,26,121,Beauty,22,1
46,25,65,Books,21,1
35,11,469,Books,33,1
63,7,188,Electronics,38,1
35,12,430,Electronics,15,0
19,10,410,Home,15,0
52,7,195,Electronics,25,1
33,13,480,Home,21,1
58,7,227,Home,24,1
53,24,422,Sports,5,1
50,17,426,Books,6,1
21,10,325,Beauty,23,1
50,29,484,Books,4,1
31,10,226,Books,27,1
38,24,129,Sports,18,1
37,4,448,Home,21,1
25,20,403,Home,28,1
24,4,184,Electronics,35,1
20,22,32,Sports,22,1
34,7,222,Electronics,23,1
50,22,414,Sports,3,1
29,1,244,Electronics,10,0
39,12,22,Fashion,25,0
39,24,110,Books,8,0
63,13,426,Books,11,0
47,10,33,Beauty,5,0
55,15,373,Home,37,1
55,27,20,Beauty,38,1
62,13,282,Fashion,29,1
25,23,461,Beauty,5,1
44,22,440,Books,9,1
44,22,290,Home,2,1
51,21,103,Fashion,1,0
38,22,210,Books,30,1
47,28,30,Electronics,11,0
50,9,349,Sports,28,1
45,26,476,Fashion,12,1
64,9,220,Home,39,1
50,15,149,Beauty,26,0
22,10,302,Beauty,13,0
36,24,307,Fashion,8,1
21,26,410,Home,28,1
52,25,110,Fashion,30,1
34,29,313,Home,9,1
61,10,368,Beauty,39,1
45,8,37,Books,31,0
47,24,50,Electronics,21,1
46,16,364,Books,34,1
63,17,312,Electronics,31,1
23,26,155,Beauty,25,1
52,27,265,Books,12,1
58,5,471,Books,1,0
54,4,236,Fashion,22,1
41,18,245,Sports,37,1
46,24,370,Beauty,1,1
63,19,389,Home,1,1
48,4,464,Beauty,21,1
52,28,498,Home,15,1
50,7,22,Home,17,0
38,10,219,Electronics,22,1
49,25,238,Home,38,1
40,18,406,Home,35,1
50,19,109,Fashion,16,1
20,4,40,Books,8,0
35,10,395,Beauty,17,1
42,1,25,Beauty,17,0
59,23,146,Home,26,1
48,18,338,Sports,13,1
20,5,175,Beauty,17,1
57,15,468,Home,38,1
63,17,319,Electronics,17,1
41,3,449,Electronics,14,0
49,12,479,Electronics,6,0
64,2,490,Home,35,1
39,1,109,Fashion,14,0
40,23,118,Sports,8,0
19,21,352,Home,15,1
44,17,182,Fashion,27,1
59,22,246,Fashion,13,1
19,16,171,Beauty,31,1
43,5,402,Home,35,1
34,15,225,Home,6,0
57,3,273,Fashion,5,0
50,28,272,Fashion,22,1
26,7,301,Fashion,23,1
60,11,283,Beauty,25,1
56,10,12,Home,34,0
46,9,37,Fashion,26,0
59,14,335,Electronics,5,0
43,13,437,Home,26,1
52,29,158,Beauty,20,1
42,25,37,Electronics,6,0
41,25,497,Books,6,1
30,2,319,Home,18,1
24,3,447,Books,4,0
53,7,74,Fashion,17,0
62,21,365,Beauty,14,1
37,18,30,Fashion,14,0
18,3,261,Beauty,13,0
25,10,244,Sports,7,0
63,22,236,Fashion,15,1
33,29,22,Books,19,1
31,7,322,Beauty,35,1
29,9,58,Fashion,17,0
40,17,127,Home,35,1
32,11,63,Beauty,19,0
45,7,147,Beauty,20,0
51,24,62,Fashion,36,1
19,28,53,Sports,35,1
49,14,312,Fashion,32,1
40,19,62,Books,24,1
39,4,83,Books,17,0
42,26,55,Beauty,7,0
39,6,22,Beauty,1,0
39,10,174,Fashion,35,1
59,7,111,Books,32,0
23,13,289,Books,36,1
32,14,267,Sports,13,0
60,4,479,Home,6,0
54,8,346,Sports,14,0
50,5,365,Electronics,37,1
25,1,407,Sports,15,0
61,4,147,Fashion,4,0
61,3,172,Home,16,1
22,9,418,Fashion,28,1
56,8,396,Electronics,16,1
21,1,120,Home,4,0
23,27,111,Beauty,26,1
62,6,26,Books,28,0
49,9,277,Sports,32,1
47,7,191,Fashion,2,0
64,4,381,Electronics,31,1
52,13,33,Books,3,0
57,17,38,Sports,8,0
33,28,180,Books,24,1
30,2,418,Sports,15,0
59,28,237,Beauty,31,1
47,5,387,Home,9,0
36,12,197,Books,39,1
34,27,355,Books,2,1
36,21,239,Books,8,1
45,8,330,Home,7,0
43,6,349,Electronics,39,1
54,8,128,Sports,16,0
43,18,165,Beauty,35,1
40,3,281,Books,30,1
26,22,184,Home,10,1
29,12,474,Electronics,38,1
18,29,113,Sports,18,1
18,26,101,Home,5,0
64,3,195,Beauty,29,1
51,22,469,Beauty,39,1
49,6,292,Sports,34,1
42,2,190,Books,23,1
57,23,179,Beauty,5,1
62,12,196,Electronics,30,1
18,2,184,Home,6,0
33,6,231,Electronics,4,0
56,17,242,Books,29,1
22,3,171,Electronics,23,1
39,2,430,Electronics,6,0
46,23,143,Fashion,32,1
20,20,400,Electronics,18,1
29,8,489,Sports,15,0
43,22,233,Home,32,1
33,12,162,Fashion,9,0
54,26,42,Home,37,1
39,4,64,Home,10,0
46,5,451,Books,20,1
31,13,16,Books,6,0
45,29,253,Fashion,3,1
22,15,322,Beauty,11,0
64,25,135,Books,17,1
47,23,21,Books,32,1
63,16,25,Books,4,0
22,10,217,Home,4,0
29,25,52,Fashion,17,1
33,23,382,Home,19,1
43,16,493,Sports,5,1
43,12,470,Home,32,1
38,17,144,Sports,22,1
56,16,237,Electronics,6,1
53,12,120,Electronics,35,0
50,8,316,Sports,22,1
47,20,466,Sports,1,1
54,3,169,Home,20,1
40,16,340,Sports,22,1
27,13,273,Fashion,11,0
22,23,234,Electronics,13,1
53,28,480,Electronics,3,1
51,19,226,Beauty,9,1
48,8,465,Sports,12,0
27,22,54,Books,23,1
36,5,223,Books,14,0
49,20,68,Sports,33,1
18,8,141,Fashion,18,0
22,24,113,Books,9,0
62,12,204,Beauty,23,1
21,1,422,Sports,10,0
33,25,498,Fashion,19,1
41,21,166,Fashion,5,1
33,20,107,Home,23,1
19,6,235,Fashion,30,1
45,22,421,Books,25,1
49,18,214,Books,28,1
44,8,88,Sports,34,0
37,7,133,Sports,25,0
41,1,480,Fashion,10,0
29,21,437,Beauty,14,1
52,16,227,Electronics,30,1
50,12,13,Home,25,0
50,6,99,Electronics,14,0
60,20,113,Fashion,35,1
54,2,402,Fashion,34,1
29,29,128,Electronics,10,0
20,14,142,Home,35,0
18,4,321,Electronics,11,0
50,1,105,Sports,11,0
57,23,477,Books,21,1
27,18,443,Beauty,21,1
60,13,340,Sports,22,1
61,2,152,Books,7,0
46,9,297,Beauty,17,1
30,21,37,Beauty,2,0
29,2,287,Beauty,12,0
48,27,242,Fashion,18,1
63,25,26,Beauty,11,0
19,9,68,Home,16,0
52,1,99,Electronics,18,0
40,11,208,Home,35,1
34,3,371,Electronics,26,1
43,20,450,Sports,16,1
25,23,35,Sports,6,0
46,26,34,Electronics,12,0
43,4,403,Home,13,0
27,18,310,Electronics,4,1
43,23,348,Beauty,39,1
51,6,276,Fashion,2,0
58,3,470,Sports,26,1
24,22,190,Fashion,27,1
21,11,465,Beauty,27,1
62,15,369,Beauty,15,0
28,22,77,Sports,8,0
46,28,360,Sports,7,1
53,5,421,Beauty,12,0
42,20,468,Books,13,1
38,10,330,Fashion,17,1
53,12,58,Fashion,17,0
27,15,184,Books,36,1
54,17,61,Home,21,1
26,10,111,Fashion,8,0
41,6,225,Electronics,5,0
52,18,447,Beauty,26,1
52,13,197,Beauty,16,1
53,3,66,Books,36,0
35,24,56,Fashion,28,1
56,10,168,Home,29,1
49,14,498,Fashion,12,0
41,6,183,Beauty,37,1
40,3,251,Sports,30,1
49,16,291,Electronics,23,1
54,7,250,Books,16,1
29,20,379,Sports,14,1
30,14,14,Home,10,0
40,9,93,Sports,7,0
42,15,317,Sports,37,1
52,21,370,Home,29,1
58,3,468,Sports,3,0
47,2,257,Books,15,0
34,27,63,Beauty,36,1
37,2,170,Fashion,19,1
42,3,443,Sports,13,0
39,18,431,Books,21,1
30,14,420,Fashion,37,1
36,20,235,Fashion,27,1
53,18,24,Sports,29,1
29,10,233,Books,20,1
58,25,70,Beauty,25,1
36,2,131,Sports,6,0
29,25,286,Home,36,1
26,29,55,Fashion,2,0
24,22,462,Sports,22,1
45,1,399,Fashion,32,1
31,4,303,Books,16,1
48,14,71,Electronics,18,0
36,1,95,Sports,5,0
64,14,455,Beauty,36,1
33,16,219,Sports,30,1
22,22,87,Fashion,19,1
52,14,211,Books,23,1
29,29,311,Home,34,1
42,20,406,Beauty,13,1
38,3,232,Books,29,1
53,3,231,Sports,36,1
40,9,12,Home,22,0
33,6,487,Books,36,1
56,25,15,Electronics,9,0
62,13,102,Beauty,39,0
59,21,17,Fashion,19,1
56,2,437,Books,38,1
31,8,244,Books,6,0
48,21,117,Electronics,15,0
22,2,170,Sports,20,1
52,4,218,Beauty,9,0
40,25,249,Beauty,32,1
46,15,340,Fashion,4,0
60,4,342,Books,18,1
28,13,59,Home,5,0
35,28,20,Books,20,1
64,12,360,Fashion,23,1
29,28,165,Books,11,1
26,13,79,Electronics,37,0
27,14,178,Books,22,1
61,20,281,Books,4,1
34,18,77,Home,29,1
55,29,364,Electronics,34,1
24,28,261,Electronics,13,1
63,6,57,Books,9,0
30,29,193,Beauty,31,1
57,11,329,Home,7,0
59,2,196,Books,4,0
26,28,99,Books,19,1
44,23,455,Fashion,30,1
19,19,341,Fashion,31,1
22,19,148,Beauty,35,1
46,5,366,Home,21,1
54,19,98,Sports,31,1
55,2,283,Fashion,19,1
36,10,28,Sports,31,0
25,25,480,Electronics,32,1
62,2,320,Fashion,2,0
18,11,367,Fashion,10,0
39,18,383,Home,2,1
34,29,475,Beauty,2,1
24,24,163,Sports,24,1
42,15,399,Fashion,17,1
62,9,269,Fashion,32,1
21,23,117,Home,16,1
53,19,380,Home,16,1
23,9,294,Beauty,39,1
48,3,68,Sports,31,0
36,21,134,Electronics,24,1
61,9,363,Beauty,1,0
56,28,282,Electronics,11,1
44,14,116,Books,21,0
27,19,308,Fashion,4,1
43,7,254,Sports,7,0
36,16,345,Beauty,26,1
56,16,459,Fashion,12,1
20,28,427,Sports,31,1
62,1,256,Sports,17,1
30,4,17,Sports,33,0
45,4,150,Fashion,11,0
37,7,371,Beauty,28,1
45,8,17,Home,32,0
25,17,487,Fashion,1,1
58,5,361,Sports,28,1
56,7,493,Beauty,7,0
18,28,103,Books,2,0
20,20,330,Electronics,24,1
30,29,436,Sports,4,1
45,20,48,Books,19,1
42,4,90,Home,26,0
50,28,196,Sports,11,1
55,6,93,Books,11,0
23,7,97,Sports,3,0
61,18,251,Fashion,12,1
62,5,351,Beauty,3,0
49,20,102,Books,27,1
62,29,95,Beauty,2,0
64,3,53,Fashion,16,0
38,7,146,Fashion,2,0
33,27,430,Beauty,30,1
38,28,83,Books,20,1
28,22,45,Beauty,38,1
54,14,110,Beauty,28,0
53,7,485,Electronics,25,1
52,5,165,Books,32,1
36,29,435,Electronics,10,1
37,22,264,Sports,33,1
35,5,180,Beauty,13,0
64,23,478,Sports,37,1
58,2,225,Books,16,1
31,27,179,Beauty,22,1
32,21,261,Sports,20,1
48,22,369,Home,27,1
18,6,331,Fashion,16,1
20,15,64,Beauty,34,0
33,21,465,Fashion,32,1
40,10,441,Electronics,26,1
28,23,100,Sports,25,1
29,26,287,Electronics,2,1
27,24,110,Beauty,12,0
49,7,164,Fashion,9,0
33,5,386,Fashion,12,0
25,1,358,Sports,26,1
55,13,460,Beauty,9,0
29,21,373,Home,10,1
41,26,150,Home,32,1
45,18,182,Sports,34,1
25,13,19,Beauty,20,0
45,21,237,Sports,39,1
53,21,274,Beauty,2,1
43,18,447,Electronics,1,1
25,5,257,Sports,36,1
45,13,256,Beauty,24,1
45,4,164,Home,27,1
54,17,43,Beauty,2,0
58,3,138,Beauty,31,0
53,17,169,Sports,14,1
44,28,98,Electronics,2,0
34,11,102,Electronics,29,0
26,21,336,Electronics,15,1
50,20,250,Electronics,12,1
37,23,332,Books,37,1
30,21,477,Sports,28,1
45,26,413,Fashion,20,1
46,4,126,Sports,39,0
30,2,103,Books,24,0
63,20,172,Electronics,21,1
52,16,108,Books,10,0
23,28,122,Home,14,0
35,18,368,Home,37,1
22,8,100,Sports,18,0
64,3,355,Sports,24,1
42,9,215,Fashion,14,0
19,29,26,Fashion,34,1
27,20,283,Home,12,1
47,29,182,Electronics,22,1
62,6,125,Books,6,0
22,10,358,Fashion,36,1
50,21,477,Beauty,36,1
18,10,190,Fashion,22,1
35,13,100,Electronics,14,0
49,17,91,Electronics,16,1
64,9,333,Sports,36,1
28,17,458,Books,25,1
38,24,123,Electronics,32,1
43,9,266,Fashion,33,1
42,9,67,Fashion,36,0
39,1,163,Home,20,1
44,2,374,Electronics,18,1
30,28,413,Beauty,38,1
50,16,125,Sports,3,0
51,29,352,Books,23,1
58,1,275,Beauty,32,1
52,10,324,Sports,16,1
18,18,212,Fashion,5,1
38,26,50,Beauty,4,0
23,28,114,Sports,21,1
45,8,398,Fashion,14,0
34,21,387,Fashion,39,1
22,28,202,Fashion,31,1
48,11,410,Fashion,14,0
22,23,287,Fashion,6,1
55,2,363,Home,12,0
20,8,246,Beauty,16,1
40,27,434,Sports,17,1
54,22,230,Home,23,1
54,8,77,Home,14,0
27,17,206,Electronics,7,1
27,15,265,Electronics,32,1
36,17,148,Electronics,15,0
34,28,321,Books,17,1
38,23,444,Electronics,34,1
31,24,158,Sports,5,1
26,13,108,Home,27,0
63,19,85,Sports,23,1
18,5,291,Beauty,14,0
62,12,380,Electronics,15,0
30,1,412,Books,33,1
21,23,118,Beauty,31,1
18,5,197,Books,35,1
57,8,208,Beauty,17,1
49,13,312,Home,28,1
51,8,336,Sports,19,1
45,25,163,Fashion,23,1
48,23,49,Sports,32,1
25,11,142,Electronics,13,0
56,1,414,Fashion,20,1
43,13,471,Books,35,1
51,19,141,Home,5,0
20,24,288,Home,9,1
29,3,371,Books,29,1
18,24,93,Electronics,6,0
61,17,408,Books,25,1
22,5,251,Beauty,31,1
47,20,125,Electronics,22,1
47,21,118,Fashion,2,0
34,8,230,Books,5,0
64,26,401,Electronics,27,1
40,14,50,Fashion,25,0
32,4,377,Books,8,0
54,11,156,Home,1,0
38,20,121,Books,20,1
31,15,112,Sports,23,0
19,19,55,Books,32,1
28,7,421,Sports,11,0
56,19,484,Fashion,39,1
55,28,333,Books,24,1
51,19,387,Fashion,11,1
55,11,280,Fashion,29,1
51,26,492,Electronics,26,1
35,5,430,Fashion,16,1
47,5,394,Fashion,35,1
32,22,204,Books,20,1
44,8,376,Books,3,0
51,10,289,Home,1,0
55,6,292,Electronics,1,0
50,15,49,Fashion,17,0
41,16,456,Electronics,2,1
32,28,198,Sports,29,1
47,17,173,Fashion,20,1
59,8,491,Electronics,6,0
34,8,486,Home,8,0
22,25,33,Home,29,1
46,9,33,Fashion,33,0
21,2,499,Sports,3,0
27,15,13,Home,35,0
34,18,332,Home,5,1
27,3,299,Sports,27,1
34,17,450,Electronics,12,1
37,4,442,Home,20,1
41,4,480,Books,20,1
22,14,190,Beauty,9,0
51,9,257,Beauty,39,1
23,9,125,Home,4,0
19,25,288,Electronics,19,1
30,26,374,Electronics,38,1
60,23,78,Fashion,27,1
60,18,360,Books,13,1
28,10,263,Electronics,13,0
64,21,190,Sports,22,1
40,4,327,Books,28,1
33,12,178,Beauty,22,1
48,27,322,Books,19,1
28,8,258,Sports,8,0
33,2,197,Home,8,0
25,22,63,Sports,26,1
21,13,335,Sports,26,1
57,21,366,Home,23,1
21,16,322,Home,13,1
42,28,147,Home,28,1
20,2,177,Home,9,0
49,11,400,Home,20,1
20,10,112,Sports,19,0
44,15,431,Fashion,39,1
46,17,94,Fashion,12,0
49,8,326,Electronics,15,0
36,18,221,Fashion,31,1
38,23,12,Beauty,14,0
22,9,393,Fashion,11,0
35,25,188,Sports,26,1
45,8,351,Home,27,1
59,27,312,Home,11,1
39,14,461,Sports,38,1
38,28,485,Beauty,34,1
23,26,341,Fashion,19,1
18,25,47,Sports,6,0
22,18,429,Electronics,38,1
58,22,248,Home,28,1
29,20,178,Books,1,1
43,20,462,Electronics,35,1
63,21,406,Beauty,8,1
51,12,352,Electronics,7,0
31,19,323,Sports,11,1
43,14,315,Fashion,39,1
62,17,39,Home,4,0
44,24,199,Beauty,25,1
26,21,366,Beauty,12,1
43,3,34,Books,26,0
64,26,121,Electronics,38,1
39,23,420,Books,12,1
64,7,444,Fashion,37,1
47,17,215,Fashion,24,1
60,12,194,Books,16,1
34,9,391,Home,13,0
43,15,388,Fashion,25,1
53,18,56,Books,4,0
18,21,383,Electronics,11,1
25,13,237,Books,32,1
52,21,48,Books,7,0
32,8,25,Sports,11,0
64,14,31,Fashion,28,0
39,8,222,Home,23,1
31,14,319,Home,23,1
43,7,158,Sports,28,1
45,23,465,Beauty,26,1
40,12,250,Home,25,1
31,11,281,Books,29,1
41,22,68,Sports,19,1
19,22,296,Electronics,33,1
62,11,435,Fashion,36,1
43,25,211,Fashion,14,1
31,22,41,Fashion,14,0
24,28,452,Books,35,1
20,29,171,Electronics,30,1
64,13,264,Sports,28,1
40,18,263,Sports,17,1
63,2,18,Fashion,3,0
60,29,474,Electronics,16,1
64,21,148,Electronics,30,1
62,15,489,Electronics,29,1
35,20,19,Home,15,0
55,27,223,Home,25,1
52,18,282,Fashion,38,1
32,15,333,Electronics,38,1
42,19,57,Beauty,23,1
54,23,445,Electronics,25,1
45,24,120,Sports,7,0
27,12,162,Sports,22,1
56,13,132,Fashion,17,0
34,22,414,Beauty,18,1
56,11,366,Electronics,10,0
39,5,111,Beauty,10,0
43,29,250,Fashion,7,1
61,1,330,Sports,38,1
42,24,200,Sports,27,1
34,3,226,Home,33,1
30,22,60,Fashion,1,0
37,19,301,Fashion,34,1
42,23,90,Electronics,4,0
21,29,498,Electronics,17,1
27,7,392,Home,4,0
20,12,97,Books,26,0
58,15,203,Beauty,4,0
62,25,113,Books,1,0
35,5,280,Books,7,0
64,15,105,Fashion,30,0
53,8,432,Beauty,9,0
64,10,388,Fashion,35,1
39,26,207,Beauty,8,1
51,16,10,Sports,24,1
64,8,416,Fashion,19,1
25,1,387,Fashion,36,1
57,12,176,Fashion,27,1
61,5,135,Home,32,0
36,3,322,Fashion,14,0
59,1,90,Electronics,18,0
58,4,427,Electronics,28,1
54,8,260,Beauty,29,1
23,3,178,Sports,16,1
43,10,486,Home,35,1
51,2,82,Beauty,31,0
62,11,150,Electronics,4,0
23,25,79,Home,37,1
54,10,271,Home,17,1
50,21,349,Sports,39,1
39,14,317,Home,26,1
38,7,254,Fashion,39,1
23,27,12,Home,4,0
23,27,346,Sports,30,1
21,2,72,Beauty,30,0
47,9,58,Sports,22,0
28,16,85,Sports,11,0
47,13,377,Electronics,2,0
48,9,184,Fashion,12,0
41,20,118,Electronics,30,1
26,4,192,Beauty,36,1
20,22,201,Books,18,1
48,10,74,Beauty,26,0
57,26,346,Fashion,7,1
54,26,460,Home,1,1
53,22,483,Sports,26,1
41,12,280,Books,23,1
48,17,109,Fashion,26,1
23,14,41,Electronics,6,0
19,14,361,Sports,6,0
37,25,137,Beauty,8,0
45,2,461,Electronics,24,1
28,21,411,Fashion,22,1
21,25,378,Fashion,19,1
32,20,348,Beauty,37,1
23,11,52,Books,18,0
47,16,381,Beauty,31,1
55,19,428,Home,37,1
19,23,497,Electronics,30,1
32,6,87,Books,33,0
28,24,323,Sports,10,1
25,19,298,Home,37,1
43,5,279,Books,12,0
62,26,171,Electronics,30,1
61,4,198,Fashion,27,1
22,15,256,Sports,39,1
23,29,397,Beauty,9,1
43,4,225,Electronics,21,1
21,20,324,Home,12,1
36,10,422,Home,29,1
37,24,348,Fashion,33,1
50,22,399,Fashion,15,1
37,3,386,Sports,2,0
29,26,490,Beauty,39,1
64,5,442,Sports,18,1
18,6,177,Fashion,3,0
43,21,348,Fashion,7,1
31,22,202,Home,18,1
55,8,462,Fashion,38,1
54,7,292,Books,37,1
28,21,345,Electronics,33,1
53,10,399,Fashion,31,1
30,6,497,Sports,11,0
60,14,22,Beauty,4,0
20,4,249,Beauty,18,1
50,28,329,Beauty,4,1
23,25,455,Books,34,1
27,13,492,Sports,29,1
22,20,156,Books,24,1
40,17,213,Fashion,22,1
27,23,89,Electronics,2,0
61,7,388,Beauty,6,0
19,4,52,Sports,25,0
30,29,467,Beauty,21,1
57,14,98,Books,16,0
19,3,157,Home,31,1
37,24,104,Fashion,14,0
18,5,461,Electronics,39,1
54,16,437,Fashion,28,1
26,26,160,Home,32,1
34,23,11,Electronics,28,1
26,20,385,Home,9,1
28,4,31,Fashion,22,0
32,24,380,Books,32,1
41,24,322,Fashion,5,1
55,2,494,Fashion,23,1
52,18,337,Fashion,5,1
47,19,16,Sports,32,1
48,28,215,Home,10,1
22,28,449,Home,39,1
61,19,384,Beauty,15,1
31,17,460,Home,7,1
28,14,123,Beauty,29,0
26,19,281,Sports,3,1
51,22,92,Books,19,1
29,24,188,Beauty,10,1
52,13,219,Fashion,28,1
52,12,473,Books,29,1
18,26,337,Sports,15,1
57,6,133,Home,35,0
39,21,490,Beauty,6,1
46,4,122,Fashion,12,0
25,19,21,Electronics,38,1
28,16,135,Electronics,13,0
58,13,62,Books,29,0
54,4,340,Home,19,1
31,23,398,Electronics,3,1
47,17,292,Books,8,1
52,23,149,Sports,8,0
38,1,410,Books,20,1
54,18,399,Books,4,1
22,20,106,Books,21,1
36,17,14,Fashion,3,0
31,27,66,Books,8,0
43,28,421,Beauty,23,1
21,27,343,Books,16,1
42,15,78,Fashion,13,0
62,11,127,Fashion,3,0
59,25,385,Sports,9,1
42,28,68,Home,14,0
35,22,42,Electronics,13,0
57,13,327,Electronics,7,0
25,1,59,Books,15,0
56,17,377,Sports,7,1
57,6,498,Books,38,1
31,4,28,Electronics,34,0
49,20,223,Fashion,22,1
55,16,206,Home,24,1
50,15,388,Sports,37,1
40,27,459,Fashion,1,1
32,15,487,Home,10,0
50,6,56,Sports,16,0
42,15,176,Sports,8,0
34,14,461,Electronics,25,1
50,28,298,Fashion,12,1
64,11,150,Sports,25,0
19,7,93,Beauty,17,0
31,9,191,Sports,26,1
57,26,400,Home,14,1
57,16,88,Electronics,36,1
56,5,224,Books,23,1
23,25,23,Electronics,6,0
23,20,224,Books,5,1
20,29,412,Fashion,25,1
24,10,137,Fashion,18,0
25,18,319,Sports,13,1
59,3,486,Beauty,14,0
32,13,257,Fashion,28,1
64,11,413,Sports,18,1
46,17,38,Electronics,28,1
50,22,289,Fashion,27,1
47,13,347,Electronics,32,1
56,6,328,Electronics,9,0
44,17,211,Beauty,32,1
53,27,370,Fashion,20,1
46,13,66,Electronics,28,0
55,19,401,Beauty,33,1
50,21,227,Beauty,4,1
54,19,71,Fashion,34,1
44,10,166,Beauty,3,0
50,3,211,Fashion,26,1
21,14,26,Fashion,8,0
39,26,331,Books,6,1
19,19,15,Electronics,16,1
27,5,67,Home,24,0
22,29,334,Fashion,39,1
27,5,421,Electronics,30,1
50,20,327,Beauty,13,1
55,17,178,Sports,5,1
30,21,462,Fashion,25,1
48,10,91,Beauty,20,0
64,5,483,Beauty,18,1
53,4,477,Beauty,18,1
62,6,434,Beauty,2,0
41,26,442,Beauty,10,1
32,4,228,Fashion,12,0
46,7,186,Home,13,0
25,7,213,Books,11,0
22,18,80,Beauty,19,1
46,3,396,Beauty,35,1
64,1,275,Books,39,1
21,24,107,Fashion,26,1
29,25,354,Electronics,14,1
62,4,300,Sports,24,1
19,6,217,Sports,1,0
44,9,11,Electronics,22,0
48,22,133,Fashion,23,1
53,14,289,Sports,19,1
53,28,83,Books,18,1
43,12,175,Electronics,12,0
60,28,31,Home,28,1
44,25,163,Fashion,28,1
22,20,436,Electronics,33,1
37,24,448,Sports,19,1
28,25,304,Fashion,28,1
27,4,228,Books,37,1
57,21,166,Fashion,26,1
55,24,239,Fashion,35,1
23,12,29,Books,34,0
25,10,484,Beauty,35,1
40,22,50,Books,16,1
64,28,447,Fashion,38,1
43,7,157,Books,13,0
63,3,117,Beauty,23,0
60,23,412,Electronics,22,1
29,28,93,Books,16,1
43,14,492,Books,28,1
30,24,376,Fashion,35,1
57,10,331,Electronics,8,0
35,16,423,Home,22,1
42,16,318,Home,21,1
50,22,299,Sports,26,1
64,10,415,Books,21,1
57,25,332,Books,25,1
60,13,143,Electronics,1,0
29,6,216,Beauty,6,0
61,12,292,Home,23,1
53,9,275,Sports,23,1
21,13,82,Electronics,23,0
22,4,490,Books,32,1
54,24,361,Home,30,1
25,11,57,Sports,13,0
59,20,335,Fashion,18,1
45,18,242,Home,23,1
48,26,452,Sports,15,1
26,11,109,Electronics,33,0
46,25,68,Fashion,21,1
31,21,267,Sports,39,1
57,4,422,Sports,23,1
58,18,461,Books,27,1
39,1,74,Beauty,18,0
28,27,92,Home,24,1
40,7,163,Books,7,0
18,6,482,Fashion,20,1
63,15,275,Beauty,27,1
54,18,318,Sports,6,1
38,24,88,Books,27,1
43,11,324,Beauty,9,0
63,20,159,Home,31,1
53,24,444,Fashion,21,1
40,15,57,Electronics,26,0
18,16,414,Books,13,1
57,7,388,Fashion,23,1
32,21,257,Electronics,20,1
38,10,287,Books,37,1
64,26,365,Fashion,28,1
26,12,107,Fashion,17,0
26,24,423,Beauty,28,1
27,14,34,Books,2,0
43,25,293,Fashion,25,1
58,5,458,Sports,6,0
52,26,378,Books,11,1
42,21,310,Fashion,38,1
43,18,77,Beauty,6,0
28,5,16,Electronics,11,0
55,3,314,Electronics,14,0
19,23,146,Sports,2,0
24,26,173,Books,3,1
35,5,92,Beauty,35,0
44,24,394,Fashion,33,1
51,17,147,Fashion,24,1
44,19,429,Electronics,19,1
34,19,82,Beauty,18,1
60,25,246,Sports,24,1
61,21,55,Electronics,35,1
41,12,115,Electronics,1,0
42,25,425,Sports,36,1
24,29,297,Books,25,1
23,9,271,Fashion,34,1
41,1,185,Books,25,1
50,18,175,Beauty,16,1
46,21,154,Home,34,1
60,4,339,Home,29,1
39,10,379,Home,19,1
43,25,292,Sports,23,1
45,7,63,Electronics,19,0
38,22,187,Books,25,1
24,23,428,Fashion,16,1
34,1,253,Home,9,0
37,17,350,Books,1,1
58,24,136,Home,19,1
37,29,418,Home,33,1
39,29,421,Fashion,34,1
45,2,376,Beauty,16,1
57,28,280,Beauty,18,1
24,26,141,Beauty,34,1
18,11,102,Sports,25,0
49,9,388,Electronics,6,0
30,7,82,Sports,21,0
47,22,420,Books,6,1
40,17,419,Sports,32,1
36,17,412,Books,39,1
49,2,257,Books,31,1
47,6,357,Electronics,10,0
46,14,282,Fashion,30,1
62,6,52,Electronics,18,0
46,2,386,Beauty,24,1
47,1,50,Beauty,9,0
33,10,179,Sports,31,1
57,21,443,Books,15,1
36,5,221,Home,4,0
35,2,177,Home,9,0
18,22,48,Books,9,0
31,16,378,Electronics,26,1
64,25,254,Fashion,4,1
19,2,160,Electronics,17,1
45,10,120,Books,16,0
47,2,489,Books,15,0
55,16,445,Fashion,35,1
21,16,56,Sports,5,0
18,19,72,Sports,5,0
25,29,234,Fashion,20,1
46,7,375,Sports,15,0
56,22,78,Home,18,1
20,12,308,Sports,2,0
49,24,441,Sports,29,1
27,15,299,Sports,13,0
27,8,305,Home,4,0
36,6,212,Sports,10,0
63,28,70,Beauty,31,1
51,27,443,Home,8,1
50,10,460,Fashion,3,0
40,3,327,Electronics,9,0
45,19,323,Fashion,30,1
49,17,170,Electronics,11,1
24,7,340,Fashion,35,1
46,21,25,Beauty,37,1
25,20,347,Electronics,13,1
18,26,103,Electronics,36,1
20,4,313,Books,13,0
41,14,147,Electronics,12,0
40,20,347,Electronics,37,1
25,22,47,Books,10,0
64,15,136,Sports,9,0
54,24,284,Sports,7,1
20,8,173,Books,2,0
50,21,452,Home,23,1
45,15,328,Electronics,39,1
64,22,86,Electronics,39,1
25,20,183,Books,21,1
51,28,396,Books,23,1
52,14,467,Home,29,1
49,27,367,Beauty,14,1
41,29,330,Sports,26,1
31,9,385,Fashion,5,0
49,8,100,Beauty,31,0
63,26,247,Sports,25,1
60,28,273,Electronics,31,1
33,26,188,Beauty,20,1
21,17,499,Books,17,1
54,2,218,Home,2,0
38,25,82,Sports,25,1
31,24,399,Home,13,1
48,3,116,Sports,39,0
35,8,354,Beauty,28,1
24,12,304,Electronics,6,0
27,1,378,Fashion,3,0
24,10,453,Home,35,1
50,20,293,Home,18,1
40,3,362,Fashion,11,0
38,6,191,Home,20,1
36,7,46,Home,5,0
36,20,146,Sports,19,1
53,23,347,Sports,22,1
46,25,65,Fashion,19,1
35,27,196,Electronics,16,1
19,18,350,Beauty,24,1
18,11,267,Beauty,4,0
64,19,454,Home,15,1
22,5,67,Electronics,25,0
37,19,372,Fashion,35,1
28,11,132,Fashion,14,0
59,24,197,Sports,19,1
19,12,239,Home,38,1
20,10,177,Books,36,1
40,8,429,Fashion,7,0
29,24,123,Home,30,1
37,28,261,Electronics,19,1
22,28,116,Sports,25,1
54,9,46,Beauty,16,0
55,4,344,Electronics,8,0
47,5,101,Fashion,18,0
26,21,27,Fashion,28,1
51,8,363,Electronics,16,1
61,23,72,Fashion,19,1
52,9,159,Home,17,1
39,15,148,Fashion,13,0
61,15,195,Sports,7,0
41,16,194,Home,27,1
34,14,214,Books,10,0
27,8,269,Fashion,34,1
47,18,223,Fashion,36,1
63,10,265,Sports,25,1
40,28,144,Sports,6,0
49,20,70,Beauty,24,1
34,6,372,Electronics,18,1
34,12,319,Electronics,23,1
31,2,97,Electronics,6,0
26,7,333,Sports,29,1
57,16,485,Electronics,25,1
19,3,216,Electronics,17,1
62,13,138,Books,24,0
42,3,320,Electronics,11,0
56,27,12,Fashion,26,1
26,18,471,Beauty,34,1
39,11,431,Sports,28,1
60,8,251,Home,3,0
63,6,130,Beauty,11,0
21,1,394,Books,38,1
43,28,111,Sports,14,0
46,1,47,Sports,26,0
62,23,350,Fashion,21,1
51,8,422,Beauty,39,1
40,5,142,Beauty,30,0
54,28,211,Electronics,8,1
28,16,357,Fashion,20,1
23,11,30,Electronics,32,0
35,5,251,Electronics,22,1
38,4,464,Sports,7,0
59,6,460,Beauty,9,0
53,14,118,Electronics,1,0
58,22,312,Books,29,1
55,19,93,Books,8,0
51,9,92,Beauty,4,0
34,12,300,Books,35,1
54,11,461,Sports,3,0
42,14,78,Fashion,7,0
55,23,138,Home,27,1
29,16,205,Electronics,1,1
40,1,149,Home,27,0
59,13,453,Fashion,16,1
39,23,292,Fashion,38,1
38,21,321,Sports,7,1
44,21,243,Books,23,1
48,13,32,Books,11,0
23,2,162,Fashion,33,1
44,4,286,Sports,36,1
57,28,70,Sports,37,1
51,6,328,Beauty,17,1
29,26,387,Electronics,35,1
62,27,61,Books,5,0
24,23,353,Fashion,32,1
27,27,162,Beauty,3,1
62,5,246,Home,35,1
34,25,320,Books,14,1
43,3,311,Electronics,31,1
38,1,41,Sports,31,0
45,4,64,Fashion,17,0
63,25,361,Books,24,1
19,20,398,Home,23,1
60,2,45,Electronics,18,0
18,26,119,Electronics,14,0
53,5,499,Beauty,15,0
43,3,186,Books,15,0
46,29,371,Home,6,1
38,28,323,Electronics,27,1
28,29,304,Fashion,15,1
57,9,345,Electronics,36,1
28,20,106,Home,8,0
53,6,378,Sports,15,0
56,18,222,Sports,3,1
57,6,326,Beauty,13,0
52,19,146,Books,34,1
51,28,15,Home,24,1
64,12,118,Beauty,32,0
41,25,44,Electronics,32,1
39,11,48,Electronics,30,0
22,2,159,Sports,13,0
50,15,434,Beauty,1,0
53,12,127,Sports,34,0
64,12,270,Fashion,15,0
37,9,435,Sports,14,0
36,21,96,Fashion,29,1
52,24,474,Electronics,34,1
60,2,85,Beauty,18,0
34,22,480,Fashion,7,1
62,3,473,Beauty,29,1
60,12,460,Beauty,31,1
51,28,423,Fashion,25,1
26,26,322,Books,38,1
43,16,392,Sports,14,1
19,21,223,Fashion,8,1
26,28,466,Electronics,27,1
26,24,294,Beauty,2,1
57,26,248,Home,17,1
34,1,174,Fashion,37,1
18,21,96,Sports,14,0
42,3,150,Beauty,25,0
60,20,169,Books,30,1
57,2,55,Electronics,29,0
59,9,381,Books,20,1
42,19,121,Home,21,1
56,15,416,Fashion,22,1
52,18,54,Beauty,35,1
20,26,410,Fashion,37,1
54,11,256,Sports,16,1
61,25,113,Fashion,17,1
61,23,94,Electronics,16,1
47,16,459,Home,2,1
55,22,494,Books,4,1
51,17,143,Home,21,1
29,5,117,Beauty,39,0
36,12,27,Fashion,34,0
54,11,103,Beauty,30,0
61,15,159,Books,6,0
34,27,255,Beauty,17,1
27,3,298,Sports,39,1
64,1,423,Home,25,1
29,20,218,Books,5,1
33,29,135,Books,5,0
41,16,244,Books,20,1
36,2,425,Electronics,16,1
25,2,435,Home,37,1
48,3,471,Beauty,9,0
38,8,131,Books,5,0
34,24,147,Home,2,0
40,28,124,Books,9,0
54,15,429,Sports,36,1
33,7,171,Sports,22,1
23,6,210,Sports,22,1
25,9,243,Fashion,22,1
42,20,37,Books,34,1
35,28,20,Fashion,29,1
42,1,215,Home,38,1
29,8,176,Fashion,33,1
32,23,256,Home,18,1
43,23,56,Home,7,0
58,3,255,Home,1,0
62,4,136,Beauty,33,0
43,26,156,Fashion,1,1
64,25,127,Beauty,24,1
49,15,408,Books,4,0
27,6,391,Fashion,4,0
33,15,421,Books,18,1
24,21,161,Books,27,1
34,3,81,Home,32,0
40,25,372,Fashion,33,1
43,21,146,Books,28,1
38,21,184,Sports,36,1
39,14,298,Books,6,0
24,20,455,Sports,16,1
31,14,490,Fashion,34,1
32,4,28,Beauty,23,0
24,12,204,Fashion,24,1
26,17,339,Beauty,13,1
25,7,433,Beauty,18,1
40,9,184,Fashion,13,0
46,3,499,Books,37,1
35,28,458,Electronics,39,1
48,13,422,Books,17,1
47,15,443,Books,15,0
56,18,363,Home,18,1
52,19,150,Home,23,1
35,1,255,Books,30,1
59,6,394,Sports,34,1
56,27,427,Beauty,4,1
34,27,102,Home,3,0
31,23,441,Books,7,1
48,27,248,Electronics,18,1
41,27,214,Sports,7,1
52,2,57,Fashion,6,0
61,24,442,Books,22,1
62,14,254,Books,1,0
51,6,329,Beauty,4,0
20,14,326,Sports,29,1
54,4,422,Home,21,1
60,21,304,Home,26,1
57,8,137,Home,14,0
43,3,353,Fashion,9,0
40,19,291,Sports,12,1
61,14,26,Sports,6,0
56,27,80,Home,20,1
32,20,278,Home,24,1
21,17,334,Beauty,27,1
46,25,291,Electronics,38,1
39,8,314,Electronics,8,0
42,24,460,Books,1,1
30,14,16,Books,24,0
35,26,323,Sports,7,1
50,6,314,Sports,19,1
33,23,112,Fashion,22,1
62,22,318,Fashion,35,1
59,16,202,Electronics,30,1
61,25,250,Books,29,1
19,19,71,Electronics,22,1
52,14,26,Electronics,11,0
59,19,180,Books,20,1
51,3,34,Fashion,29,0
47,10,260,Beauty,34,1
30,19,262,Beauty,1,1
30,9,396,Beauty,31,1
35,28,216,Books,30,1
49,20,38,Home,18,1
49,13,126,Home,17,0
52,7,425,Home,38,1
56,14,291,Sports,14,0
63,9,389,Fashion,23,1
46,27,153,Fashion,25,1
46,28,34,Sports,15,0
61,23,319,Electronics,22,1
33,25,165,Beauty,3,1
61,28,82,Home,19,1
64,19,129,Beauty,34,1
27,15,321,Home,35,1
47,20,330,Beauty,1,1
42,14,102,Electronics,21,0
56,24,95,Beauty,29,1
37,6,345,Beauty,6,0
22,21,434,Books,37,1
18,29,373,Beauty,1,1
47,4,444,Books,1,0
20,8,127,Fashion,27,0
62,17,242,Sports,21,1
31,9,208,Beauty,16,1
47,1,215,Fashion,26,1
21,24,422,Books,16,1
35,20,348,Beauty,28,1
54,25,156,Beauty,1,1
42,14,459,Electronics,36,1
18,11,434,Fashion,10,0
63,21,438,Home,17,1
32,3,280,Home,23,1
26,9,396,Electronics,7,0
32,27,148,Books,7,0
41,14,190,Home,15,0
21,9,439,Home,34,1
29,4,39,Sports,4,0
54,27,66,Fashion,14,0
54,4,241,Books,14,0
60,28,155,Beauty,16,1
23,8,444,Fashion,7,0
56,2,393,Books,32,1
63,9,57,Home,19,0
41,29,203,Sports,2,1
28,14,233,Fashion,10,0
30,22,145,Home,17,1
51,9,31,Books,37,0
42,24,15,Fashion,12,0
24,23,213,Beauty,6,1
21,16,248,Fashion,22,1
25,29,194,Home,32,1
37,17,369,Fashion,20,1
46,16,301,Beauty,1,1
62,12,344,Sports,6,0
63,3,229,Sports,19,1
27,11,125,Home,18,0
60,14,322,Books,6,0
51,18,58,Home,33,1
43,21,182,Sports,23,1
58,21,91,Electronics,23,1
20,5,331,Electronics,26,1
23,16,342,Fashion,13,1
22,20,54,Beauty,7,0
22,5,344,Fashion,15,0
64,3,29,Electronics,27,0
40,12,457,Sports,26,1
26,1,230,Fashion,33,1
52,21,132,Home,15,0
37,29,243,Beauty,36,1
59,9,230,Home,27,1
52,29,332,Beauty,5,1
35,9,348,Sports,2,0
34,4,12,Fashion,33,0
41,3,191,Beauty,16,1
20,17,215,Home,23,1
49,2,329,Fashion,38,1
52,24,49,Fashion,16,1
55,1,68,Home,14,0
30,8,448,Electronics,29,1
64,13,71,Beauty,26,0
42,23,141,Home,35,1
26,15,69,Sports,15,0
21,8,381,Books,3,0
31,12,340,Home,23,1
54,22,131,Fashion,29,1
51,12,488,Fashion,34,1
28,14,116,Home,33,0
58,15,105,Books,23,0
20,15,356,Home,7,0
45,9,423,Books,3,0
46,19,244,Books,32,1
26,26,395,Sports,31,1
20,20,71,Beauty,18,1
42,29,265,Fashion,7,1
51,22,58,Fashion,1,0
29,8,402,Books,14,0
59,21,357,Fashion,32,1
26,19,168,Electronics,6,1
32,6,133,Books,39,0
57,20,491,Fashion,10,1
42,25,326,Electronics,7,1
22,29,216,Sports,26,1
28,19,57,Fashion,34,1
51,4,418,Electronics,30,1
41,23,429,Home,36,1
32,7,145,Beauty,21,0
55,28,210,Home,17,1
25,28,259,Electronics,33,1
22,4,323,Books,10,0
43,22,366,Books,12,1
35,12,377,Fashion,16,1
23,13,438,Home,32,1
54,3,327,Books,15,0
30,22,304,Books,27,1
45,12,489,Home,28,1
22,2,323,Sports,17,1
30,24,218,Books,2,1
34,2,364,Beauty,36,1
57,27,494,Electronics,7,1
62,23,220,Fashion,13,1
49,9,201,Books,15,0
46,1,53,Beauty,25,0
20,8,38,Beauty,23,0
57,23,68,Books,22,1
51,6,80,Sports,26,0
57,6,101,Electronics,33,0
44,22,274,Fashion,11,1
30,25,392,Books,10,1
62,18,229,Fashion,25,1
50,17,399,Home,37,1
23,29,422,Beauty,38,1
41,12,451,Beauty,24,1
36,6,410,Books,33,1
33,26,409,Books,17,1
57,27,224,Home,24,1
45,8,488,Sports,37,1
50,19,396,Books,2,1
58,28,286,Beauty,32,1
30,10,73,Fashion,24,0
60,1,355,Electronics,9,0
62,25,301,Fashion,4,1
42,29,499,Sports,17,1
59,13,494,Electronics,17,1
53,17,254,Fashion,30,1
44,3,479,Fashion,11,0
55,8,71,Home,21,0
24,14,435,Sports,21,1
22,3,341,Beauty,18,1
60,16,179,Home,29,1
62,13,454,Electronics,24,1
48,20,278,Beauty,10,1
40,24,276,Home,17,1
59,17,63,Sports,18,1
27,13,25,Books,20,0
49,29,17,Books,37,1
60,6,113,Electronics,18,0
47,17,68,Books,17,1
56,14,322,Home,9,0
48,17,49,Electronics,14,0
35,8,246,Beauty,29,1
53,11,452,Sports,31,1
19,20,395,Electronics,4,1
31,28,103,Beauty,18,1
30,1,231,Electronics,20,1
46,26,213,Fashion,9,1
29,7,147,Fashion,13,0
56,21,309,Electronics,15,1
19,21,404,Books,27,1
49,17,216,Fashion,15,1
30,10,345,Sports,28,1
63,11,90,Beauty,37,0
44,22,227,Home,19,1
58,9,11,Fashion,26,0
34,9,187,Electronics,26,1
57,24,405,Books,25,1
48,5,380,Home,26,1
51,17,355,Beauty,26,1
41,9,288,Beauty,28,1
62,17,155,Fashion,18,1
52,24,327,Beauty,32,1
23,21,233,Beauty,3,1
36,19,378,Books,2,1
47,27,393,Books,33,1
24,7,71,Books,19,0
27,23,303,Electronics,17,1
58,9,248,Beauty,33,1
49,7,204,Beauty,12,0
51,13,175,Beauty,3,0
45,11,460,Sports,26,1
32,14,231,Books,35,1
47,19,70,Home,8,0
54,11,138,Fashion,36,0
46,13,487,Home,7,0
39,14,182,Electronics,36,1
21,13,489,Electronics,16,1
37,1,165,Beauty,24,1
49,8,414,Home,1,0
53,12,387,Beauty,25,1
21,19,119,Sports,10,0
44,12,278,Electronics,16,1
34,8,420,Electronics,16,1
29,8,365,Home,8,0
39,29,400,Electronics,29,1
34,21,287,Sports,39,1
27,13,83,Sports,28,0
18,12,496,Sports,6,0
39,29,446,Fashion,16,1
43,16,472,Sports,20,1
35,1,216,Sports,16,1
31,13,397,Fashion,7,0
64,26,489,Beauty,14,1
46,7,288,Books,26,1
29,28,384,Electronics,26,1
53,26,335,Sports,14,1
52,5,481,Electronics,7,0
29,8,349,Home,33,1
24,25,366,Electronics,26,1
46,27,349,Beauty,20,1
28,14,213,Fashion,3,0
50,23,170,Electronics,4,1
23,13,37,Electronics,26,0
64,15,401,Electronics,11,0
32,23,266,Books,2,1
49,17,174,Books,14,1
28,15,72,Home,30,0
40,20,31,Fashion,12,0
43,18,79,Electronics,26,1
51,18,390,Electronics,33,1
63,2,414,Electronics,13,0
51,4,105,Electronics,14,0
46,1,172,Books,24,1
21,4,88,Beauty,34,0
34,18,14,Beauty,26,1
52,5,325,Home,21,1
30,19,129,Sports,28,1
58,15,311,Fashion,36,1
56,28,187,Beauty,2,1
32,8,185,Electronics,9,0
46,20,399,Beauty,23,1
46,17,226,Home,15,1
28,1,65,Sports,13,0
49,12,375,Beauty,23,1
19,26,196,Home,17,1
64,19,241,Books,2,1
31,15,264,Sports,20,1
37,9,422,Home,20,1
39,7,464,Beauty,3,0
28,2,113,Books,12,0
44,29,86,Home,2,0
20,9,239,Home,36,1
34,10,411,Beauty,14,0
61,2,267,Sports,16,1
45,19,273,Books,19,1
46,11,340,Electronics,34,1
38,13,490,Fashion,6,0
64,10,191,Sports,13,0
33,14,390,Books,36,1
54,18,265,Home,22,1
37,19,47,Books,18,1
23,22,185,Fashion,12,1
36,9,36,Beauty,30,0
22,25,285,Fashion,7,1
20,7,149,Electronics,32,0
18,28,308,Electronics,19,1
55,3,454,Fashion,6,0
32,20,296,Sports,20,1
51,6,100,Sports,27,0
52,27,489,Home,37,1
42,21,70,Electronics,7,0
41,2,467,Home,5,0
29,29,460,Electronics,11,1
35,6,374,Fashion,15,0
32,3,356,Sports,3,0
61,16,172,Sports,5,1
33,8,360,Fashion,23,1
44,2,152,Home,37,1
25,17,409,Home,9,1
63,9,262,Books,15,0
42,12,278,Electronics,3,0
34,3,378,Home,29,1
46,11,300,Fashion,6,0
25,1,468,Home,17,1
32,23,196,Sports,26,1
44,13,414,Electronics,21,1
63,15,447,Beauty,8,0
24,26,468,Books,21,1
20,5,423,Electronics,11,0
46,21,313,Sports,38,1
61,17,300,Sports,8,1
41,25,95,Sports,24,1
20,23,175,Sports,35,1
37,24,424,Fashion,14,1
63,25,471,Books,14,1
32,6,417,Beauty,10,0
42,28,123,Sports,12,0
47,21,442,Sports,38,1
31,22,489,Home,34,1
24,11,365,Books,10,0
34,18,425,Electronics,17,1
61,4,192,Books,17,1
37,3,216,Books,3,0
53,13,265,Beauty,31,1
26,23,244,Books,1,1
55,9,451,Beauty,12,0
39,21,364,Sports,39,1
19,6,12,Sports,4,0
41,26,217,Fashion,13,1
25,28,206,Beauty,34,1
28,12,350,Beauty,21,1
30,2,134,Electronics,22,0
34,3,147,Home,4,0
25,3,348,Books,18,1
38,28,34,Electronics,5,0
35,12,77,Beauty,19,0
47,15,70,Electronics,2,0
35,9,38,Fashion,12,0
63,23,392,Home,17,1
64,8,28,Beauty,10,0
48,11,180,Beauty,34,1
55,16,459,Books,6,1
49,26,83,Home,8,0
28,27,70,Fashion,11,0
62,25,436,Sports,12,1
42,22,162,Electronics,9,1
50,4,285,Books,2,0
55,28,57,Beauty,8,0
58,1,220,Sports,11,0
25,24,352,Fashion,36,1
28,7,417,Home,10,0
39,2,148,Electronics,21,0
41,24,119,Books,20,1
58,28,491,Beauty,8,1
34,5,192,Beauty,36,1
29,7,37,Sports,29,0
63,4,206,Sports,12,0
49,5,200,Electronics,14,0
32,24,324,Home,21,1
33,1,398,Fashion,22,1
39,1,60,Home,21,0
45,15,158,Home,30,1
37,20,277,Home,39,1
50,19,59,Electronics,20,1
27,29,397,Electronics,24,1
57,10,255,Fashion,23,1
49,28,122,Home,7,0
50,18,179,Electronics,9,1
19,28,477,Fashion,1,1
50,3,175,Beauty,26,1
50,11,418,Fashion,38,1
58,15,23,Home,38,0
30,27,212,Books,22,1
47,11,297,Home,10,0
50,17,404,Books,6,1
30,17,198,Fashion,17,1
43,6,411,Beauty,38,1
39,5,164,Beauty,24,1
56,8,64,Electronics,10,0
19,2,191,Beauty,8,0
55,16,219,Sports,21,1
56,20,385,Fashion,6,1
43,24,480,Electronics,21,1
63,12,84,Beauty,39,0
32,6,286,Fashion,24,1
51,1,437,Home,33,1
59,4,142,Beauty,18,0
61,17,352,Books,28,1
57,13,434,Fashion,32,1
28,18,68,Electronics,12,0
20,5,354,Home,27,1
23,24,498,Sports,10,1
26,24,191,Home,32,1
23,27,467,Beauty,26,1
26,3,415,Books,25,1
56,11,348,Home,11,0
48,13,330,Sports,23,1
49,4,73,Electronics,34,0
58,26,336,Fashion,23,1
29,27,269,Books,29,1
25,14,202,Sports,31,1
25,22,152,Beauty,7,1
45,11,113,Beauty,33,0
37,27,469,Beauty,21,1
64,10,415,Books,2,0
24,19,223,Home,18,1
28,18,251,Books,33,1
37,6,440,Beauty,37,1
33,27,218,Sports,34,1
21,29,102,Fashion,20,1
23,15,439,Fashion,35,1
39,21,151,Books,18,1
43,10,443,Beauty,24,1
20,5,413,Electronics,8,0
58,26,443,Books,30,1
59,29,121,Beauty,10,0
31,5,426,Home,23,1
28,10,384,Fashion,11,0
35,28,68,Fashion,2,0
29,5,52,Fashion,26,0
40,3,216,Electronics,36,1
29,23,277,Beauty,33,1
30,6,305,Beauty,13,0
42,4,127,Beauty,25,0
62,18,29,Beauty,4,0
36,28,231,Electronics,19,1
63,9,175,Sports,18,1
53,17,140,Books,37,1
62,29,165,Books,30,1
25,13,193,Beauty,19,1
46,27,99,Home,23,1
49,15,103,Fashion,16,0
61,20,22,Electronics,1,0
35,17,470,Home,12,1
23,13,331,Home,24,1
35,16,302,Beauty,34,1
36,22,442,Electronics,8,1
39,4,239,Books,18,1
54,5,331,Fashion,5,0
49,5,301,Books,26,1
58,9,447,Home,30,1
20,17,35,Fashion,13,0
45,13,84,Sports,19,0
27,2,465,Home,29,1
52,13,373,Books,3,0
46,22,433,Books,26,1
32,21,308,Beauty,12,1
50,27,159,Books,2,1
24,23,157,Electronics,11,1
29,19,17,Home,28,1
47,3,38,Fashion,18,0
38,10,305,Books,13,0
48,2,483,Beauty,37,1
41,13,423,Beauty,22,1
37,19,218,Books,12,1
54,26,137,Electronics,2,0
21,17,349,Beauty,37,1
45,21,125,Fashion,7,0
61,14,448,Home,26,1
37,12,153,Sports,26,1
41,21,439,Electronics,24,1
49,12,327,Beauty,12,0
58,11,244,Home,16,1
53,7,16,Sports,23,0
51,4,473,Books,9,0
53,19,54,Books,32,1
19,1,452,Fashion,15,0
32,28,248,Sports,37,1
51,24,449,Books,13,1
53,29,441,Books,5,1
23,3,164,Beauty,11,0
56,13,190,Fashion,10,0
59,15,224,Home,13,0
29,2,97,Books,15,0
20,11,265,Electronics,7,0
62,4,82,Electronics,28,0
35,19,428,Home,32,1
57,29,188,Sports,35,1
38,17,221,Fashion,15,1
32,3,302,Beauty,36,1
50,28,243,Electronics,21,1
52,18,474,Electronics,6,1
43,8,248,Home,1,0
25,22,232,Sports,4,1
53,25,128,Sports,11,0
47,24,322,Home,26,1
40,26,273,Electronics,37,1
59,19,216,Fashion,23,1
61,5,104,Electronics,29,0
31,7,382,Sports,21,1
31,21,231,Beauty,27,1
19,8,375,Electronics,39,1
54,28,285,Fashion,13,1
22,5,389,Books,23,1
55,17,240,Electronics,16,1
62,5,318,Home,30,1
58,4,128,Books,4,0
64,22,277,Home,16,1
31,19,442,Home,31,1
56,27,282,Home,25,1
42,21,73,Electronics,12,0
37,2,307,Sports,26,1
19,11,359,Books,37,1
56,22,422,Fashion,33,1
23,13,412,Sports,28,1
